id,name,email,city
1,James Bell,sdodson@example.org,East Jamesview
2,Suzanne Bennett,christophermiller@example.com,Austinland
3,Wendy Barker,lisabrown@example.com,Shannonstad
4,Barbara Henderson,glenlopez@example.org,Dunlapside
5,Mr. Robert Johnson,mary77@example.org,Wonghaven
6,Savannah Mason,vbraun@example.com,East Michael
7,Trevor Duncan,pbennett@example.net,New David
8,Stephanie Martin,delgadojames@example.com,Rhondafurt
9,Jerry Moore MD,jessica93@example.net,Tanyahaven
10,Juan Marquez,alevine@example.com,New William
